{
  "patches": [
    {
      "type": "param",
      "path": "config",
      "payload": {
        "hp.lr": 0.250005,
        "hp.batch": 280,
        "hp.momentum": 0.495,
        "hp.dropout": 0.2589506207928699,
        "sr.tau": 0.7749999999999999,
        "caos.kappa": 2.3797144966617942,
        "caos.pmin": 0.105,
        "caos.pmax": 2.4294973520578607,
        "rag.topk": 34,
        "rag.temperature": 1.05,
        "simhash.thr": 0.7935763447235813,
        "ops.flags.quant": false,
        "ops.flags.lora": false,
        "ops.flags.net2net": true,
        "ops.flags.pruning": true,
        "sr.mode.embed": "heavy",
        "optim.type": "adamw",
        "llm.prompt.anchor1": false,
        "llm.prompt.anchor2": false
      }
    }
  ],
  "build_steps": [
    "python -c '\n# Test code for candidate cand_7c0\ndef test_model(x):\n    lr = 0.250005\n    batch = 280.0\n    dropout = 0.2589506207928699\n    \n    # Simulate forward pass\n    result = x * lr\n    if dropout > 0:\n        result *= (1 - dropout)\n    \n    return result\n\noutput = test_model(1.0)\nassert isinstance(output, (int, float))\nassert output >= 0\n'"
  ],
  "env_caps": {
    "cpu_seconds": 5.0,
    "mem_mb": 512,
    "no_net": true
  }
}