{
  "patches": [
    {
      "type": "param",
      "path": "config",
      "payload": {
        "hp.lr": 0.250005,
        "hp.batch": 258,
        "hp.momentum": 0.495,
        "hp.dropout": 0.257627646758051,
        "sr.tau": 0.7849844148420951,
        "caos.kappa": 2.5,
        "caos.pmin": 0.105,
        "caos.pmax": 2.5,
        "rag.topk": 34,
        "rag.temperature": 1.0464269559113804,
        "simhash.thr": 0.7995300819839072,
        "ops.flags.quant": false,
        "ops.flags.lora": false,
        "ops.flags.net2net": false,
        "ops.flags.pruning": true,
        "sr.mode.embed": "lite",
        "optim.type": "adam",
        "llm.prompt.anchor1": false,
        "llm.prompt.anchor2": false
      }
    }
  ],
  "build_steps": [
    "python -c '\n# Test code for candidate cand_747\ndef test_model(x):\n    lr = 0.250005\n    batch = 258.0\n    dropout = 0.257627646758051\n    \n    # Simulate forward pass\n    result = x * lr\n    if dropout > 0:\n        result *= (1 - dropout)\n    \n    return result\n\noutput = test_model(1.0)\nassert isinstance(output, (int, float))\nassert output >= 0\n'"
  ],
  "env_caps": {
    "cpu_seconds": 5.0,
    "mem_mb": 512,
    "no_net": true
  }
}